{
    "_class_name": "CogVideoXControlnet",
    "_diffusers_version": "0.32.1",
    "activation_fn": "gelu-approximate",
    "attention_bias": true,
    "attention_head_dim": 64,
    "block_out_channels": [
      16,
      32,
      32,
      64
    ],
    "downscale_coef": 8,
    "dropout": 0.0,
    "flip_sin_to_cos": true,
    "freq_shift": 0,
    "in_channels": 3,
    "layers_per_block": 3,
    "max_text_seq_length": 226,
    "norm_elementwise_affine": true,
    "norm_eps": 1e-05,
    "norm_num_groups": 8,
    "num_attention_heads": 48,
    "num_layers": 7,
    "out_proj": true,
    "pad_mode": "first",
    "patch_size": 2,
    "sample_frames": 49,
    "sample_height": 60,
    "sample_width": 90,
    "spatial_interpolation_scale": 1.875,
    "temporal_compression_ratio": 4,
    "temporal_interpolation_scale": 1.0,
    "time_embed_dim": 512,
    "timestep_activation_fn": "silu",
    "use_learned_positional_embeddings": false,
    "use_rotary_positional_embeddings": false,
    "vae_channels": 16
  }
  